dsa_questions,cgpa,placed
103,7.86,0
44,6.72,0
88,8.24,0
202,8.4,0
61,5.94,0
93,6.49,0
170,7.71,0
69,7.33,0
175,7.59,1
107,6.87,1
49,8.35,0
356,8.26,1
70,7.66,0
38,8.56,0
51,8.0,1
37,6.87,0
113,7.91,0
64,6.78,0
96,8.35,0
156,7.56,0
122,7.44,0
106,7.02,0
184,8.64,0
152,7.47,0
18,7.24,0
69,7.3,0
22,8.05,0
112,7.91,0
110,7.95,1
243,7.97,0
414,9.42,1
104,7.25,0
60,7.16,0
117,6.91,0
78,8.12,0
132,8.56,1
202,7.5,0
53,6.89,0
148,6.9,0
194,8.15,1
59,8.23,1
236,8.06,1
142,7.03,1
114,7.8,0
58,7.7,0
55,7.79,0
83,8.34,0
158,7.79,1
58,8.18,0
141,7.66,1
42,7.85,0
100,8.14,0
75,6.36,0
575,7.33,1
31,7.2,0
256,7.06,1
104,7.37,1
197,8.87,0
87,6.86,0
177,8.42,1
58,6.17,0
273,7.32,1
74,7.74,1
269,8.1,1
73,8.2,0
116,8.27,0
41,7.3,1
125,7.21,0
365,8.33,1
90,7.44,0
62,6.52,0
33,6.64,0
67,6.82,0
34,8.02,0
52,7.72,0
140,8.19,0
241,7.24,1
600,7.73,1
75,8.13,0
270,7.34,1
134,7.99,0
75,7.04,0
126,7.29,0
95,7.28,0
80,6.58,0
83,8.01,1
31,7.2,0
31,7.61,0
183,8.01,1
90,7.98,0
75,8.17,0
98,7.52,1
162,7.24,0
112,7.53,0
40,6.17,0
174,6.37,1
234,6.48,1
112,6.75,1
228,7.94,0
201,6.83,0
211,7.28,1
218,8.7,0
143,7.3,0
177,8.23,1
35,6.81,0
160,7.43,0
28,6.79,0
50,7.31,1
326,8.31,1
121,6.13,0
338,7.97,1
86,7.8,0
36,7.09,0
58,6.37,0
109,7.66,1
92,7.15,0
247,7.8,1
76,7.62,1
193,8.96,1
45,7.4,0
108,6.73,1
104,7.75,0
60,7.79,0
117,8.76,0
107,8.31,0
89,7.9,0
541,8.84,1
69,6.59,0
71,7.06,0
16,6.81,0
46,7.27,0
58,6.43,0
70,8.14,0
265,7.41,0
61,6.35,0
203,6.74,1
113,7.87,1
126,8.31,1
153,9.3,1
196,9.9,1
400,7.95,1
14,6.76,0
13,5.79,0
71,7.83,1
82,6.91,0
151,7.25,0
122,7.08,1
72,7.48,0
279,8.51,1
224,7.73,1
110,7.47,0
158,6.72,0
80,6.18,0
58,7.19,0
165,7.55,0
168,9.1,1
103,7.71,1
384,8.44,1
14,7.18,0
26,6.59,0
32,6.78,0
63,6.98,0
140,9.41,1
26,6.9,0
59,8.31,1
42,6.83,0
600,8.39,1
423,7.93,1
70,7.47,0
75,7.57,0
36,7.04,0
27,7.98,0
81,7.21,0
35,6.56,0
68,6.51,0
31,7.75,0
83,8.94,0
116,7.74,0
127,7.5,0
146,7.84,0
51,8.71,1
200,7.79,1
49,7.25,0
211,8.54,1
110,7.96,0
52,8.91,1
82,7.76,0
96,6.56,0
112,6.44,1
135,9.0,1
484,9.07,1
203,7.45,1
74,7.27,0
251,8.84,1
322,6.66,1
346,6.84,1
47,8.15,0
45,7.26,0
303,7.6,1
43,7.46,0
40,7.89,0
98,8.8,0
140,7.68,0
108,8.15,0
37,5.86,0
59,7.56,0
47,6.88,0
38,6.56,0
442,6.85,1
115,7.32,0
243,8.38,1
49,6.47,0
87,7.63,1
52,7.19,1
13,7.32,0
45,8.45,0
29,8.06,0
26,8.74,1
39,7.47,0
226,7.01,1
91,7.41,0
279,7.81,1
142,7.75,0
137,6.68,0
52,7.68,0
156,7.79,0
322,9.74,1
103,9.2,1
122,6.87,1
142,7.36,0
46,6.36,0
37,7.1,0
44,7.87,0
143,8.62,1
106,6.98,1
47,7.04,0
59,5.77,0
146,7.46,0
121,6.7,1
279,7.15,0
208,6.85,0
46,7.52,0
227,6.11,0
46,6.35,0
371,9.41,1
76,6.51,0
56,6.67,0
41,9.16,1
172,9.9,1
23,6.6,1
188,7.29,0
338,7.89,1
84,9.07,0
97,6.76,0
54,7.39,0
75,8.26,0
198,7.97,0
88,7.28,0
355,7.49,1
49,6.43,0
198,7.4,0
100,7.37,1
192,7.8,1
62,7.13,0
108,8.0,1
117,8.46,1
55,7.73,0
179,7.9,1
164,7.65,0
155,7.6,1
263,6.99,1
319,7.87,1
73,7.52,1
222,9.38,1
92,8.94,0
112,7.93,0
52,6.95,0
254,6.65,1
176,8.61,1
90,7.82,1
275,8.01,1
13,6.12,0
28,8.39,0
203,7.99,1
79,6.66,0
107,7.2,0
39,7.82,0
99,7.64,1
415,7.35,1
180,7.51,0
106,7.39,0
74,7.73,0
107,8.85,1
11,5.42,0
114,7.4,1
196,7.75,1
33,7.85,0
55,7.28,0
27,6.11,0
52,7.88,0
160,9.07,1
14,6.3,0
195,8.33,1
161,7.32,0
81,7.55,0
12,6.71,1
43,7.32,0
348,8.71,1
14,8.1,0
118,9.07,1
55,8.6,0
203,7.97,0
93,9.08,1
150,7.97,1
187,8.3,1
366,7.35,1
87,7.66,0
111,7.01,0
42,8.44,1
181,6.6,1
68,8.26,0
62,7.44,0
131,8.6,1
37,8.24,0
186,9.15,0
247,8.22,1
84,6.26,0
30,7.54,0
68,6.6,0
152,7.16,1
35,8.88,0
52,8.14,0
161,7.01,0
95,6.74,0
137,7.63,0
296,6.57,1
120,7.03,1
176,7.87,1
600,8.58,1
99,8.12,0
31,5.65,0
148,7.86,0
141,7.66,1
74,7.95,0
69,8.97,1
336,5.85,0
110,7.1,0
67,8.1,1
133,6.26,0
132,8.85,0
90,7.91,0
187,8.32,1
33,7.11,0
159,8.29,1
546,8.51,1
150,7.8,1
80,7.8,0
73,7.83,0
59,6.87,0
79,7.47,0
72,7.47,0
218,7.93,0
35,8.45,0
146,6.7,1
72,7.49,1
191,8.86,1
35,6.97,0
219,6.9,1
266,7.77,1
253,8.32,1
32,7.61,0
258,8.73,1
167,8.33,1
37,8.32,0
112,8.07,0
234,9.58,1
144,7.43,0
69,5.9,0
185,8.96,1
268,7.21,1
256,7.69,1
16,8.71,1
53,6.24,0
64,6.54,0
18,6.24,0
87,6.92,0
283,7.97,0
50,8.05,1
137,7.83,0
35,6.4,0
34,5.64,0
306,7.65,1
59,7.2,0
158,7.99,0
29,8.2,0
417,7.72,1
189,8.25,1
92,7.79,0
175,8.05,0
29,7.0,0
231,7.45,1
82,7.77,0
105,8.3,0
62,7.27,0
73,8.04,0
157,7.37,0
117,7.5,0
200,8.31,0
60,5.91,0
106,6.5,0
50,6.34,0
296,5.62,0
26,7.02,0
309,8.24,1
259,7.36,1
55,7.77,0
600,8.53,1
293,8.73,1
202,7.54,1
142,8.75,0
87,7.68,1
69,6.89,0
115,7.09,0
196,6.34,1
91,6.85,0
46,7.3,0
226,8.28,1
305,9.06,1
115,6.43,0
192,7.93,1
63,6.72,0
56,8.0,1
50,7.49,0
18,6.04,0
150,8.39,0
80,7.09,0
63,7.15,0
8,6.69,0
33,7.04,0
256,7.96,0
58,7.44,0
142,7.88,0
38,7.91,0
407,8.72,1
82,7.31,0
85,6.34,0
600,8.51,1
286,7.32,1
105,8.55,0
70,7.93,0
75,7.49,0
159,7.9,1
150,9.26,1
124,9.37,0
304,7.66,1
95,7.74,1
600,8.51,1
86,6.88,0
412,7.88,1
129,7.58,1
222,7.87,1
47,6.89,0
35,6.25,0
84,5.84,0
158,6.65,0
91,7.21,0
35,7.35,0
58,9.25,1
45,8.54,0
21,6.78,0
118,7.9,0
209,7.25,0
92,7.36,0
19,7.76,0
101,8.13,0
81,7.31,0
600,8.5,0
25,6.63,0
74,7.61,0
600,9.81,1
147,7.79,1
217,8.82,1
111,7.68,0
147,8.09,1
176,7.55,0
52,7.46,0
158,6.94,0
40,7.97,0
103,6.88,0
135,8.17,0
82,8.52,0
107,7.91,0
58,7.36,0
50,7.99,0
71,7.34,0
55,8.4,0
80,6.04,0
39,7.31,0
103,5.91,0
28,6.33,0
92,8.76,1
78,8.36,0
225,6.99,1
87,6.32,0
40,5.08,0
126,7.14,0
38,9.66,1
107,7.97,0
386,7.12,1
124,8.0,0
71,6.27,0
139,7.35,1
199,7.68,1
22,7.53,0
34,8.27,0
127,7.89,0
69,8.17,0
224,7.01,1
98,8.36,1
35,8.98,0
30,6.78,0
10,6.85,0
117,8.74,1
82,7.44,0
103,8.79,0
200,7.22,0
352,8.84,1
90,7.71,0
21,7.82,0
234,8.93,1
138,7.29,1
99,6.8,0
186,7.22,1
46,7.98,0
304,6.27,1
57,8.14,1
152,7.14,0
37,8.58,0
27,5.56,0
255,6.93,1
54,6.17,0
152,6.9,0
126,7.81,0
88,7.45,0
259,7.38,1
80,7.46,0
28,7.77,0
42,6.74,0
179,8.2,0
158,8.16,1
34,7.93,0
66,8.07,0
69,7.85,0
126,9.33,0
35,7.53,0
58,7.34,0
48,6.96,0
137,6.72,0
134,6.54,1
71,6.84,1
73,7.54,0
120,7.88,0
55,7.64,0
35,6.95,0
62,8.37,1
74,8.23,0
40,7.46,0
96,7.05,0
197,8.07,0
32,7.76,0
71,6.37,1
83,7.54,0
137,7.82,1
79,6.84,1
35,7.76,0
27,6.36,0
142,8.74,1
294,8.66,1
18,7.39,0
141,7.91,1
133,5.55,0
66,6.62,0
140,7.35,1
45,6.69,0
109,8.21,1
49,9.3,1
13,6.6,0
164,6.89,0
50,7.8,1
106,8.97,1
26,6.56,0
37,7.81,0
138,9.15,1
38,6.2,0
96,6.51,0
126,7.24,0
111,7.16,1
146,8.29,1
346,7.81,1
29,6.09,0
109,8.04,0
201,7.11,1
353,8.68,1
29,7.07,0
67,7.06,0
315,8.06,1
176,8.25,0
129,7.98,1
55,6.17,1
85,8.06,0
95,6.72,0
87,7.8,0
68,6.39,0
118,7.98,1
49,6.91,0
108,6.51,0
600,8.21,1
28,7.81,0
109,7.08,0
81,8.83,1
138,7.23,0
104,7.63,1
188,7.83,1
206,7.07,0
129,8.0,0
204,7.15,1
15,7.25,1
461,8.76,1
102,6.72,0
122,5.55,0
60,8.97,1
101,9.77,0
100,7.26,0
60,5.95,0
114,7.34,1
209,7.36,1
25,7.44,0
156,6.65,0
116,8.09,0
97,8.05,0
23,6.33,0
173,8.19,0
27,9.34,0
169,7.75,0
30,7.31,0
100,7.48,0
106,8.12,0
155,6.13,0
91,7.74,0
54,7.27,0
108,9.17,0
247,7.45,0
226,9.02,1
57,6.66,0
97,8.1,0
33,7.87,0
107,6.86,0
28,7.75,0
237,8.63,1
101,7.32,0
390,6.16,1
43,7.59,0
73,6.83,0
352,7.31,1
238,7.53,0
39,6.15,0
79,6.23,0
112,8.01,0
108,7.16,0
31,5.42,0
113,8.27,1
32,7.83,0
92,6.99,0
100,6.48,1
103,8.31,0
32,7.9,0
379,9.63,1
145,7.96,1
64,7.93,0
77,7.46,1
40,8.29,0
54,8.13,0
91,8.66,0
220,7.16,1
55,7.23,0
143,7.19,1
81,8.27,0
174,8.87,0
80,7.21,1
172,7.24,0
72,7.87,0
29,7.39,0
45,8.41,0
38,5.69,0
32,6.9,0
111,6.93,0
39,5.63,0
464,6.78,1
21,6.82,0
110,7.43,0
56,8.55,0
65,7.39,0
85,6.72,0
17,7.55,0
154,8.49,1
325,6.77,1
56,6.83,0
139,8.07,0
203,7.41,0
103,8.15,1
64,7.59,0
22,8.2,0
124,6.72,0
91,7.59,0
44,7.42,0
81,6.57,0
43,6.27,0
79,8.18,0
144,7.3,0
28,6.73,0
213,7.52,1
46,8.56,1
34,5.66,0
290,6.33,1
184,6.82,0
154,8.84,0
53,7.84,0
81,8.25,0
79,6.63,1
77,6.65,1
104,7.98,0
99,7.65,0
97,8.07,1
32,7.44,1
72,7.84,0
205,7.73,1
43,8.26,0
106,8.29,0
36,6.22,0
62,5.69,0
95,8.45,1
405,8.61,1
113,6.73,1
23,6.02,0
169,7.68,1
70,8.39,0
101,9.13,1
143,8.04,0
63,7.28,0
155,6.84,0
56,7.61,0
58,7.35,0
47,6.74,0
109,9.34,0
355,9.12,1
212,8.57,1
285,6.82,1
600,8.33,1
54,8.14,0
117,7.98,1
56,8.66,0
65,8.14,0
75,8.23,0
53,8.14,0
49,7.89,0
57,6.08,0
41,7.67,0
163,7.13,0
36,6.51,0
600,9.03,1
109,9.07,1
148,8.76,1
40,7.82,0
502,8.75,1
231,7.61,1
131,7.77,1
28,6.67,0
129,7.94,1
44,7.65,0
215,6.49,0
180,7.56,1
105,7.53,0
25,9.13,0
59,8.36,0
167,7.61,1
263,7.81,1
231,7.64,1
29,7.43,0
95,6.68,0
205,7.47,1
24,6.97,1
72,6.54,0
139,8.03,0
87,7.93,0
16,6.08,0
76,7.5,0
100,8.45,1
116,8.5,0
84,8.47,0
72,7.63,0
78,6.88,0
106,6.68,1
86,7.89,1
80,7.92,0
147,8.69,1
31,8.53,1
138,7.49,0
73,6.54,0
95,7.33,0
216,7.78,0
22,7.43,0
20,7.11,0
130,7.81,0
87,7.17,0
97,7.07,1
76,7.86,0
148,7.26,0
213,7.81,0
153,7.83,1
62,6.63,0
18,7.19,0
254,8.82,1
186,6.61,1
95,5.8,0
32,6.02,0
166,7.62,1
191,7.63,1
311,7.5,1
70,8.63,0
43,5.33,0
193,7.94,0
154,8.93,1
32,6.64,0
124,7.28,0
127,6.96,0
85,6.84,0
108,7.32,0
117,8.81,1
477,9.16,1
46,7.31,0
103,9.22,0
101,7.63,0
298,9.09,1
32,7.52,0
38,7.71,0
24,7.91,0
201,9.9,1
53,8.32,0
62,7.0,0
208,8.42,1
56,7.29,0
105,7.18,1
100,8.37,0
166,7.63,1
152,7.84,0
59,7.61,0
95,7.89,0
242,7.96,1
82,5.95,0
41,8.17,0
127,6.77,0
31,6.37,0
283,7.55,1
219,7.67,1
104,7.01,0
138,8.31,0
61,6.46,0
149,7.25,1
65,7.1,0
117,7.56,1
205,7.84,1
51,6.74,0
75,8.22,0
41,7.65,0
28,5.99,0
15,5.94,0
171,7.59,1
365,7.41,1
282,7.51,1
29,7.58,0
181,7.79,0
367,8.41,1
54,6.66,0
80,6.6,1
17,6.67,0
131,7.85,0
61,8.66,0
104,7.23,1
16,5.47,0
98,6.15,0
174,6.89,1
48,7.13,0
38,7.25,0
20,7.63,0
75,7.34,0
84,8.49,0
26,7.03,0
113,6.87,0
80,8.01,0
30,6.29,0
72,7.93,0
228,7.69,1
151,7.47,1
134,8.95,1
135,7.07,1
70,9.35,1
96,7.41,1
81,6.51,0
71,7.66,0
106,6.69,1
46,6.96,0
161,7.94,1
173,8.07,1
10,7.07,0
311,8.44,1
13,8.58,1
90,8.82,1
245,8.05,0
110,8.76,0
21,6.0,0
40,7.33,0
173,6.86,1
24,7.7,0
201,7.11,1
92,7.46,1
65,9.2,1
62,7.46,0
51,7.95,0
180,7.4,1
175,7.66,0
27,7.61,0
82,7.98,0
70,8.59,1
396,9.0,1
39,7.86,0
384,8.1,1
73,6.62,0
41,7.53,1
76,8.4,0
68,8.34,0
40,7.78,1
133,8.35,0
45,8.02,1
26,8.62,0
81,7.85,0
24,7.3,0
62,7.89,0
24,5.11,0
57,7.93,0
208,5.0,0
68,6.14,0
134,7.98,1
30,8.01,0
46,6.61,0
98,6.99,0
65,8.76,0
174,7.19,0
71,9.51,0
80,7.6,0
71,7.95,1
168,8.97,1
64,7.71,0
63,6.75,0
81,7.51,0
57,7.57,0
102,6.44,0
112,7.38,0
77,6.97,0
91,8.39,0
182,7.63,1
78,7.36,0
77,7.51,0
114,7.79,0
414,8.12,1
28,6.75,0
136,6.71,1
32,8.54,0
106,7.25,0
228,6.4,0
160,7.98,0
127,7.99,0
45,6.3,0
108,7.8,0
99,8.23,0
61,7.92,0
94,8.14,0
81,6.41,0
61,7.88,0
50,7.34,0
32,7.19,0
166,8.34,1
217,8.86,1
186,9.13,1
285,8.72,1
103,7.51,0
146,7.9,1
151,8.25,0
96,7.7,0
69,7.71,1
600,8.3,1
